{
  "FilterHeaders": [
    {
      "Header": "user-agent",
      "IncludeInScript": false
    },
    {
      "Header": "ua-cpu",
      "IncludeInScript": true
    },
    {
      "Header": "accept-language",
      "IncludeInScript": false
    },
    {
      "Header": "accept-encoding",
      "IncludeInScript": false
    },
    {
      "Header": "accept",
      "IncludeInScript": false
    }
  ],
  "FilterResources": [
    {
      "IsNonResource": true,
      "type": "text/xml"
    },
    {
      "IsNonResource": true,
      "type": "text/html"
    },
    {
      "IsNonResource": false,
      "type": "text/css"
    },
    {
      "IsNonResource": false,
      "type": "image/x-icon"
    },
    {
      "IsNonResource": false,
      "type": "image/gif"
    },
    {
      "IsNonResource": false,
      "type": "application/octet-stream"
    }
  ],
  "GeneralInfo": {
    "BrowserVersion": "",
    "IsWinInetMode": false,
    "MaxUsedConnections": 13,
    "RecordedBrowser": "Internet Explorer",
    "RecordingDate": "Oct-04-2018",
    "RecordingDuration": 721687,
    "RecordingMode": "N/A",
    "RecordingTimeStamp": 1538659386,
    "RecordingType": "Browser",
    "TotalBytesReceived": 186097,
    "TotalBytesSent": 33021,
    "TotalRequests": 77,
    "UserAgent": "Mozilla/5.0 (Windows NT 10.0; WOW64; Trident/7.0; rv:11.0) like Gecko"
  },
  "HostInfo": [
    {
      "DomainName": "microsoft.com",
      "Domains": [
        {
          "HTTPVersion": "HTTP/1.1",
          "IP": "[2606:2800:133:206e:1315:22a5:2006:24fd]",
          "IncludeInScript": true,
          "Name": "iecvlist.microsoft.com",
          "Port": 443,
          "Requests": [
            {
              "CompressionType": "gzip",
              "DataType": "text/xml",
              "DownloadTime": 47,
              "EventId": 314,
              "HttpStatus": 200,
              "Size": 27478,
              "URL": "https://iecvlist.microsoft.com/IE11/1478281996/iecompatviewlist.xml"
            }
          ],
          "SSLCipher": "ECDHE-RSA-AES256-GCM-SHA384",
          "SSLVersion": "TLS1.2"
        },
        {
          "HTTPVersion": "HTTP/1.1",
          "IP": "40.112.90.122",
          "IncludeInScript": true,
          "Name": "c.urs.microsoft.com",
          "Port": 443,
          "Requests": [
            {
              "CompressionType": "",
              "DataType": "application/octet-stream",
              "DownloadTime": 47,
              "EventId": 434,
              "HttpStatus": 200,
              "Size": 80,
              "URL": "https://c.urs.microsoft.com/l1.dat?cw=636742492002747205&v=3&cv=9.11.16299.0&os=10.0.16299.0.0&pg=4A72F430-B40C-4D36-A068-CE33ADA5ADF9"
            }
          ],
          "SSLCipher": "ECDHE-RSA-AES256-GCM-SHA384",
          "SSLVersion": "TLS1.2"
        }
      ],
      "IncludeInScript": true
    },
    {
      "DomainName": "cfapps.io",
      "Domains": [
        {
          "HTTPVersion": "HTTP/1.1",
          "IP": "52.70.245.194",
          "IncludeInScript": true,
          "Name": "jpetstore.cfapps.io",
          "Port": 443,
          "Requests": [
            {
              "CompressionType": "",
              "DataType": "image/x-icon",
              "DownloadTime": 265,
              "EventId": 801,
              "HttpStatus": 200,
              "Size": 946,
              "URL": "https://jpetstore.cfapps.io/favicon.ico"
            },
            {
              "CompressionType": "",
              "DataType": "image/gif",
              "DownloadTime": 125,
              "EventId": 796,
              "HttpStatus": 200,
              "Size": 251,
              "URL": "https://jpetstore.cfapps.io/images/sm_birds.gif"
            },
            {
              "CompressionType": "",
              "DataType": "image/gif",
              "DownloadTime": 110,
              "EventId": 794,
              "HttpStatus": 200,
              "Size": 289,
              "URL": "https://jpetstore.cfapps.io/images/sm_cats.gif"
            },
            {
              "CompressionType": "",
              "DataType": "image/gif",
              "DownloadTime": 125,
              "EventId": 792,
              "HttpStatus": 200,
              "Size": 398,
              "URL": "https://jpetstore.cfapps.io/images/sm_reptiles.gif"
            },
            {
              "CompressionType": "",
              "DataType": "image/gif",
              "DownloadTime": 140,
              "EventId": 790,
              "HttpStatus": 200,
              "Size": 46,
              "URL": "https://jpetstore.cfapps.io/images/separator.gif"
            },
            {
              "CompressionType": "",
              "DataType": "image/gif",
              "DownloadTime": 125,
              "EventId": 788,
              "HttpStatus": 200,
              "Size": 271,
              "URL": "https://jpetstore.cfapps.io/images/sm_fish.gif"
            },
            {
              "CompressionType": "",
              "DataType": "image/gif",
              "DownloadTime": 141,
              "EventId": 786,
              "HttpStatus": 200,
              "Size": 306,
              "URL": "https://jpetstore.cfapps.io/images/sm_dogs.gif"
            },
            {
              "CompressionType": "",
              "DataType": "image/gif",
              "DownloadTime": 125,
              "EventId": 783,
              "HttpStatus": 200,
              "Size": 3808,
              "URL": "https://jpetstore.cfapps.io/images/logo-topbar.gif"
            },
            {
              "CompressionType": "",
              "DataType": "image/gif",
              "DownloadTime": 141,
              "EventId": 781,
              "HttpStatus": 200,
              "Size": 96,
              "URL": "https://jpetstore.cfapps.io/images/cart.gif"
            },
            {
              "CompressionType": "",
              "DataType": "text/css",
              "DownloadTime": 140,
              "EventId": 779,
              "HttpStatus": 200,
              "Size": 5936,
              "URL": "https://jpetstore.cfapps.io/css/jpetstore.css"
            },
            {
              "CompressionType": "",
              "DataType": "text/html",
              "DownloadTime": 125,
              "EventId": 775,
              "HttpStatus": 200,
              "Size": 4860,
              "URL": "https://jpetstore.cfapps.io/cart"
            },
            {
              "CompressionType": "",
              "DataType": "",
              "DownloadTime": 110,
              "EventId": 773,
              "HttpStatus": 302,
              "Size": 0,
              "URL": "https://jpetstore.cfapps.io/cart?remove&itemId=EST-1"
            },
            {
              "CompressionType": "",
              "DataType": "image/x-icon",
              "DownloadTime": 110,
              "EventId": 769,
              "HttpStatus": 200,
              "Size": 946,
              "URL": "https://jpetstore.cfapps.io/favicon.ico"
            },
            {
              "CompressionType": "",
              "DataType": "image/gif",
              "DownloadTime": 250,
              "EventId": 764,
              "HttpStatus": 200,
              "Size": 251,
              "URL": "https://jpetstore.cfapps.io/images/sm_birds.gif"
            },
            {
              "CompressionType": "",
              "DataType": "image/gif",
              "DownloadTime": 109,
              "EventId": 762,
              "HttpStatus": 200,
              "Size": 289,
              "URL": "https://jpetstore.cfapps.io/images/sm_cats.gif"
            },
            {
              "CompressionType": "",
              "DataType": "image/gif",
              "DownloadTime": 125,
              "EventId": 760,
              "HttpStatus": 200,
              "Size": 398,
              "URL": "https://jpetstore.cfapps.io/images/sm_reptiles.gif"
            },
            {
              "CompressionType": "",
              "DataType": "image/gif",
              "DownloadTime": 125,
              "EventId": 758,
              "HttpStatus": 200,
              "Size": 46,
              "URL": "https://jpetstore.cfapps.io/images/separator.gif"
            },
            {
              "CompressionType": "",
              "DataType": "image/gif",
              "DownloadTime": 125,
              "EventId": 756,
              "HttpStatus": 200,
              "Size": 306,
              "URL": "https://jpetstore.cfapps.io/images/sm_dogs.gif"
            },
            {
              "CompressionType": "",
              "DataType": "image/gif",
              "DownloadTime": 109,
              "EventId": 754,
              "HttpStatus": 200,
              "Size": 271,
              "URL": "https://jpetstore.cfapps.io/images/sm_fish.gif"
            },
            {
              "CompressionType": "",
              "DataType": "image/gif",
              "DownloadTime": 125,
              "EventId": 752,
              "HttpStatus": 200,
              "Size": 3808,
              "URL": "https://jpetstore.cfapps.io/images/logo-topbar.gif"
            },
            {
              "CompressionType": "",
              "DataType": "image/gif",
              "DownloadTime": 109,
              "EventId": 750,
              "HttpStatus": 200,
              "Size": 96,
              "URL": "https://jpetstore.cfapps.io/images/cart.gif"
            },
            {
              "CompressionType": "",
              "DataType": "text/css",
              "DownloadTime": 125,
              "EventId": 748,
              "HttpStatus": 200,
              "Size": 5936,
              "URL": "https://jpetstore.cfapps.io/css/jpetstore.css"
            },
            {
              "CompressionType": "",
              "DataType": "text/html",
              "DownloadTime": 125,
              "EventId": 744,
              "HttpStatus": 200,
              "Size": 6625,
              "URL": "https://jpetstore.cfapps.io/cart"
            },
            {
              "CompressionType": "",
              "DataType": "",
              "DownloadTime": 125,
              "EventId": 742,
              "HttpStatus": 302,
              "Size": 0,
              "URL": "https://jpetstore.cfapps.io/cart?add&itemId=EST-1"
            },
            {
              "CompressionType": "",
              "DataType": "image/x-icon",
              "DownloadTime": 156,
              "EventId": 739,
              "HttpStatus": 200,
              "Size": 946,
              "URL": "https://jpetstore.cfapps.io/favicon.ico"
            },
            {
              "CompressionType": "",
              "DataType": "image/gif",
              "DownloadTime": 125,
              "EventId": 734,
              "HttpStatus": 200,
              "Size": 12638,
              "URL": "https://jpetstore.cfapps.io/images/fish1.gif"
            },
            {
              "CompressionType": "",
              "DataType": "image/gif",
              "DownloadTime": 110,
              "EventId": 731,
              "HttpStatus": 200,
              "Size": 289,
              "URL": "https://jpetstore.cfapps.io/images/sm_cats.gif"
            },
            {
              "CompressionType": "",
              "DataType": "image/gif",
              "DownloadTime": 125,
              "EventId": 729,
              "HttpStatus": 200,
              "Size": 251,
              "URL": "https://jpetstore.cfapps.io/images/sm_birds.gif"
            },
            {
              "CompressionType": "",
              "DataType": "text/css",
              "DownloadTime": 297,
              "EventId": 726,
              "HttpStatus": 200,
              "Size": 5936,
              "URL": "https://jpetstore.cfapps.io/css/jpetstore.css"
            },
            {
              "CompressionType": "",
              "DataType": "image/gif",
              "DownloadTime": 282,
              "EventId": 724,
              "HttpStatus": 200,
              "Size": 46,
              "URL": "https://jpetstore.cfapps.io/images/separator.gif"
            },
            {
              "CompressionType": "",
              "DataType": "image/gif",
              "DownloadTime": 266,
              "EventId": 722,
              "HttpStatus": 200,
              "Size": 3808,
              "URL": "https://jpetstore.cfapps.io/images/logo-topbar.gif"
            },
            {
              "CompressionType": "",
              "DataType": "image/gif",
              "DownloadTime": 266,
              "EventId": 720,
              "HttpStatus": 200,
              "Size": 96,
              "URL": "https://jpetstore.cfapps.io/images/cart.gif"
            },
            {
              "CompressionType": "",
              "DataType": "image/gif",
              "DownloadTime": 141,
              "EventId": 718,
              "HttpStatus": 200,
              "Size": 398,
              "URL": "https://jpetstore.cfapps.io/images/sm_reptiles.gif"
            },
            {
              "CompressionType": "",
              "DataType": "image/gif",
              "DownloadTime": 265,
              "EventId": 716,
              "HttpStatus": 200,
              "Size": 271,
              "URL": "https://jpetstore.cfapps.io/images/sm_fish.gif"
            },
            {
              "CompressionType": "",
              "DataType": "image/gif",
              "DownloadTime": 125,
              "EventId": 714,
              "HttpStatus": 200,
              "Size": 306,
              "URL": "https://jpetstore.cfapps.io/images/sm_dogs.gif"
            },
            {
              "CompressionType": "",
              "DataType": "text/html",
              "DownloadTime": 141,
              "EventId": 710,
              "HttpStatus": 200,
              "Size": 5295,
              "URL": "https://jpetstore.cfapps.io/catalog/items/EST-1"
            },
            {
              "CompressionType": "",
              "DataType": "image/x-icon",
              "DownloadTime": 125,
              "EventId": 614,
              "HttpStatus": 200,
              "Size": 946,
              "URL": "https://jpetstore.cfapps.io/favicon.ico"
            },
            {
              "CompressionType": "",
              "DataType": "image/gif",
              "DownloadTime": 265,
              "EventId": 582,
              "HttpStatus": 200,
              "Size": 251,
              "URL": "https://jpetstore.cfapps.io/images/sm_birds.gif"
            },
            {
              "CompressionType": "",
              "DataType": "image/gif",
              "DownloadTime": 266,
              "EventId": 580,
              "HttpStatus": 200,
              "Size": 289,
              "URL": "https://jpetstore.cfapps.io/images/sm_cats.gif"
            },
            {
              "CompressionType": "",
              "DataType": "image/gif",
              "DownloadTime": 109,
              "EventId": 575,
              "HttpStatus": 200,
              "Size": 398,
              "URL": "https://jpetstore.cfapps.io/images/sm_reptiles.gif"
            },
            {
              "CompressionType": "",
              "DataType": "image/gif",
              "DownloadTime": 313,
              "EventId": 573,
              "HttpStatus": 200,
              "Size": 3808,
              "URL": "https://jpetstore.cfapps.io/images/logo-topbar.gif"
            },
            {
              "CompressionType": "",
              "DataType": "image/gif",
              "DownloadTime": 265,
              "EventId": 571,
              "HttpStatus": 200,
              "Size": 306,
              "URL": "https://jpetstore.cfapps.io/images/sm_dogs.gif"
            },
            {
              "CompressionType": "",
              "DataType": "image/gif",
              "DownloadTime": 282,
              "EventId": 569,
              "HttpStatus": 200,
              "Size": 271,
              "URL": "https://jpetstore.cfapps.io/images/sm_fish.gif"
            },
            {
              "CompressionType": "",
              "DataType": "text/css",
              "DownloadTime": 281,
              "EventId": 567,
              "HttpStatus": 200,
              "Size": 5936,
              "URL": "https://jpetstore.cfapps.io/css/jpetstore.css"
            },
            {
              "CompressionType": "",
              "DataType": "image/gif",
              "DownloadTime": 234,
              "EventId": 565,
              "HttpStatus": 200,
              "Size": 96,
              "URL": "https://jpetstore.cfapps.io/images/cart.gif"
            },
            {
              "CompressionType": "",
              "DataType": "image/gif",
              "DownloadTime": 235,
              "EventId": 563,
              "HttpStatus": 200,
              "Size": 46,
              "URL": "https://jpetstore.cfapps.io/images/separator.gif"
            },
            {
              "CompressionType": "",
              "DataType": "text/html",
              "DownloadTime": 140,
              "EventId": 559,
              "HttpStatus": 200,
              "Size": 5641,
              "URL": "https://jpetstore.cfapps.io/catalog/products/FI-SW-01"
            },
            {
              "CompressionType": "",
              "DataType": "image/x-icon",
              "DownloadTime": 141,
              "EventId": 490,
              "HttpStatus": 200,
              "Size": 946,
              "URL": "https://jpetstore.cfapps.io/favicon.ico"
            },
            {
              "CompressionType": "",
              "DataType": "image/gif",
              "DownloadTime": 141,
              "EventId": 486,
              "HttpStatus": 200,
              "Size": 306,
              "URL": "https://jpetstore.cfapps.io/images/sm_dogs.gif"
            },
            {
              "CompressionType": "",
              "DataType": "image/gif",
              "DownloadTime": 125,
              "EventId": 484,
              "HttpStatus": 200,
              "Size": 271,
              "URL": "https://jpetstore.cfapps.io/images/sm_fish.gif"
            },
            {
              "CompressionType": "",
              "DataType": "image/gif",
              "DownloadTime": 125,
              "EventId": 482,
              "HttpStatus": 200,
              "Size": 46,
              "URL": "https://jpetstore.cfapps.io/images/separator.gif"
            },
            {
              "CompressionType": "",
              "DataType": "image/gif",
              "DownloadTime": 109,
              "EventId": 473,
              "HttpStatus": 200,
              "Size": 96,
              "URL": "https://jpetstore.cfapps.io/images/cart.gif"
            },
            {
              "CompressionType": "",
              "DataType": "image/gif",
              "DownloadTime": 125,
              "EventId": 471,
              "HttpStatus": 200,
              "Size": 251,
              "URL": "https://jpetstore.cfapps.io/images/sm_birds.gif"
            },
            {
              "CompressionType": "",
              "DataType": "image/gif",
              "DownloadTime": 109,
              "EventId": 469,
              "HttpStatus": 200,
              "Size": 3808,
              "URL": "https://jpetstore.cfapps.io/images/logo-topbar.gif"
            },
            {
              "CompressionType": "",
              "DataType": "image/gif",
              "DownloadTime": 250,
              "EventId": 465,
              "HttpStatus": 200,
              "Size": 289,
              "URL": "https://jpetstore.cfapps.io/images/sm_cats.gif"
            },
            {
              "CompressionType": "",
              "DataType": "image/gif",
              "DownloadTime": 110,
              "EventId": 461,
              "HttpStatus": 200,
              "Size": 398,
              "URL": "https://jpetstore.cfapps.io/images/sm_reptiles.gif"
            },
            {
              "CompressionType": "",
              "DataType": "text/css",
              "DownloadTime": 110,
              "EventId": 451,
              "HttpStatus": 200,
              "Size": 5936,
              "URL": "https://jpetstore.cfapps.io/css/jpetstore.css"
            },
            {
              "CompressionType": "",
              "DataType": "text/html",
              "DownloadTime": 125,
              "EventId": 444,
              "HttpStatus": 200,
              "Size": 4751,
              "URL": "https://jpetstore.cfapps.io/catalog/categories/FISH"
            },
            {
              "CompressionType": "",
              "DataType": "image/x-icon",
              "DownloadTime": 125,
              "EventId": 87,
              "HttpStatus": 200,
              "Size": 946,
              "URL": "https://jpetstore.cfapps.io/favicon.ico"
            },
            {
              "CompressionType": "",
              "DataType": "image/gif",
              "DownloadTime": 125,
              "EventId": 85,
              "HttpStatus": 200,
              "Size": 46,
              "URL": "https://jpetstore.cfapps.io/images/separator.gif"
            },
            {
              "CompressionType": "",
              "DataType": "image/gif",
              "DownloadTime": 125,
              "EventId": 83,
              "HttpStatus": 200,
              "Size": 306,
              "URL": "https://jpetstore.cfapps.io/images/sm_dogs.gif"
            },
            {
              "CompressionType": "",
              "DataType": "image/gif",
              "DownloadTime": 125,
              "EventId": 75,
              "HttpStatus": 200,
              "Size": 36097,
              "URL": "https://jpetstore.cfapps.io/images/splash.gif"
            },
            {
              "CompressionType": "",
              "DataType": "image/gif",
              "DownloadTime": 125,
              "EventId": 73,
              "HttpStatus": 200,
              "Size": 96,
              "URL": "https://jpetstore.cfapps.io/images/cart.gif"
            },
            {
              "CompressionType": "",
              "DataType": "image/gif",
              "DownloadTime": 141,
              "EventId": 71,
              "HttpStatus": 200,
              "Size": 471,
              "URL": "https://jpetstore.cfapps.io/images/birds_icon.gif"
            },
            {
              "CompressionType": "",
              "DataType": "image/gif",
              "DownloadTime": 140,
              "EventId": 69,
              "HttpStatus": 200,
              "Size": 408,
              "URL": "https://jpetstore.cfapps.io/images/cats_icon.gif"
            },
            {
              "CompressionType": "",
              "DataType": "image/gif",
              "DownloadTime": 125,
              "EventId": 67,
              "HttpStatus": 200,
              "Size": 669,
              "URL": "https://jpetstore.cfapps.io/images/reptiles_icon.gif"
            },
            {
              "CompressionType": "",
              "DataType": "image/gif",
              "DownloadTime": 141,
              "EventId": 63,
              "HttpStatus": 200,
              "Size": 439,
              "URL": "https://jpetstore.cfapps.io/images/fish_icon.gif"
            },
            {
              "CompressionType": "",
              "DataType": "image/gif",
              "DownloadTime": 141,
              "EventId": 61,
              "HttpStatus": 200,
              "Size": 468,
              "URL": "https://jpetstore.cfapps.io/images/dogs_icon.gif"
            },
            {
              "CompressionType": "",
              "DataType": "image/gif",
              "DownloadTime": 125,
              "EventId": 59,
              "HttpStatus": 200,
              "Size": 271,
              "URL": "https://jpetstore.cfapps.io/images/sm_fish.gif"
            },
            {
              "CompressionType": "",
              "DataType": "image/gif",
              "DownloadTime": 125,
              "EventId": 57,
              "HttpStatus": 200,
              "Size": 251,
              "URL": "https://jpetstore.cfapps.io/images/sm_birds.gif"
            },
            {
              "CompressionType": "",
              "DataType": "image/gif",
              "DownloadTime": 125,
              "EventId": 55,
              "HttpStatus": 200,
              "Size": 3808,
              "URL": "https://jpetstore.cfapps.io/images/logo-topbar.gif"
            },
            {
              "CompressionType": "",
              "DataType": "image/gif",
              "DownloadTime": 281,
              "EventId": 51,
              "HttpStatus": 200,
              "Size": 289,
              "URL": "https://jpetstore.cfapps.io/images/sm_cats.gif"
            },
            {
              "CompressionType": "",
              "DataType": "image/gif",
              "DownloadTime": 109,
              "EventId": 47,
              "HttpStatus": 200,
              "Size": 398,
              "URL": "https://jpetstore.cfapps.io/images/sm_reptiles.gif"
            },
            {
              "CompressionType": "",
              "DataType": "text/css",
              "DownloadTime": 125,
              "EventId": 40,
              "HttpStatus": 200,
              "Size": 5936,
              "URL": "https://jpetstore.cfapps.io/css/jpetstore.css"
            },
            {
              "CompressionType": "",
              "DataType": "text/html",
              "DownloadTime": 125,
              "EventId": 33,
              "HttpStatus": 200,
              "Size": 6095,
              "URL": "https://jpetstore.cfapps.io/catalog"
            }
          ],
          "SSLCipher": "ECDHE-RSA-AES128-GCM-SHA256",
          "SSLVersion": "TLS1.2"
        }
      ],
      "IncludeInScript": true
    }
  ],
  "WebSocket": {
    "IncludeInScript": false,
    "IsScriptIncludeWebSocket": false
  },
  "NumberOfCorrelations": 0
}